{"T4YvotjURHGD6d456dA68A==":"mbr-364x229.jpg","3JRu+Qi3Z6llky4a0NPCtg==":"mbr-696x529.jpg","bqcSsJzJFtfdY5vMvuOrPQ==":"mbr-1-696x529.jpg","vomqlkjmHzrYK2guS7wqag==":"mbr-696x464.jpg","TBKsZzAUf4XrG9T47pnNkA==":"mbr-696x392.png","hV1w4767dlq8t8GU1zxFcQ==":"mbr-696x1238.png","/98ebYxpVc/JZIWGGUrrzA==":"mbr-1-696x1238.png","xzaGfAG/v+tXXbmcmQoMtA==":"mbr-696x522.jpg","UFg1MspBOhV+sgz4vn+ceg==":"mbr-696x464.jpeg","Hsl+wu/RwzcUI1KFP1Z/ZA==":"mbr-696x522.jpeg","EbI0QsZxJaeqScf0wjrcpw==":"mbr-696x498.jpg","WPw2sqhMtuJjSnLbSvB0DA==":"mbr-696x244.jpg","8R3JbvThBm737RjnVulYBQ==":"mbr-1-696x464.jpg","WU7nddZVa+2okt90TjfNow==":"mbr-696x469.jpg","sT80Y4RCGNBrSInGgrjIuA==":"background3.jpg","Q7bRQXc1VSm0hC+Ex7YbUA==":"gst-station-175-550x395.png","fYJFhB8CkO76imYI1o4zNw==":"gst-station-176-550x395.png","eFb5WM8y0gftsWJyBVIRUg==":"blue-usb-flash-silhouette-pen-icon-digital-electronic-signature-concept-vector-logo-template-digital-electronic-117136089-696x744.jpg","tf+bEDu7zOXuBuZSY6tUXA==":"blue-usb-flash-silhouette-pen-icon-digital-electronic-signature-concept-vector-logo-template-digital-electronic-117136089-696x744.jpeg","lVYdrGnl3OgZlD/SlFVmCQ==":"blue-usb-flash-silhouette-pen-icon-digital-electronic-signature-concept-vector-logo-template-digital-electronic-117136090-696x744.jpeg","23uIKfjwAVtc8FTCz4oNdg==":"ds-696x745.jpeg","doDwId3V8FlRFsWhZ8jrDw==":"ds-1-696x745.jpeg","cOxHv35z7R2+SfWdbJAw1A==":"ds-2-696x745.jpeg","xx8xGPI3u+TCDCt30ou6tA==":"ds1-370x334.jpg","uFep8GtGx84TRx6cdZjHXg==":"ds1-370x334.jpeg","crFdUBH2J/4wEIoC7VDntg==":"ds1-1-370x334.jpeg","haTSqnqkAO9JewX0+QkDtg==":"ds1-450x248.jpg","GIZQRp3PCnwBGLfW0usXFw==":"ds1-450x248.jpeg","zEsrhBkhfLnOlY0Zu5BAEQ==":"ds1-1-450x248.jpeg","MpKM4O4iFxZeqVNR61BkDg==":"ds1-404x266.jpg","xwkKVAa5Cf7DEIvYXfsrNQ==":"ds1-404x266.jpeg","J24mbHPwdqxA/nED1ZFZRw==":"ds1-1-404x266.jpeg","FRRj3jx6KsoGx1bHKCXMNg==":"gst-station-177-550x395.png","Q1d4gRllIjwug877dsBDGw==":"tax-consultant-500x333.jpg","bdaiKVOApLLd5gZD/Q8DeA==":"tax-consultant-500x333.jpeg","BCBex43vFnKRtjyNRSdenQ==":"tax-consultant-1-500x333.jpeg","vQ1wmHgYkoPqy3Bvcvsn8Q==":"tax-consultant-2-500x333.jpeg","dWTE4tVCq+OEWe+k6IFm5w==":"emudhra-240x144.jpg","/mduFMPdGQxCoe/oP/+ANg==":"capricorn-digital-signature-certificate-lass-2-240x115.jpg","EvHjlgxib1lFQVLGWz9ycg==":"download-240x110.png","FKNJQ1UTqfICbRDUuYusPA==":"ds-240x257.jpg","CbwI88VIFyBD7FHB7q7Arg==":"ds-240x257.jpeg","jhFPotIqP/3qUCSPkYSt1w==":"relyon-logo-240x240.jpg","a0Y0V3VGivcWeVqs8nxf/g==":"dsc-logo-150x150.jpg","qLf5EayWUeRpu8R2Tci2wQ==":"download-331x152.png","iwnn0uiFXTrOI3Bq7yaMnA==":"capricorn-digital-signature-certificate-lass-2-480x229.jpg","f0WVzdT7Of6XTpMDuJ1HNw==":"relyon-logo-350x350.jpg","aKGklS35rCMK8Pgzn6h49g==":"0-350x350.jpg","q2BUYB9g5SzgbUD7gAOHdA==":"gst-station-178-550x395.png","Qd9aaaCbQ0mueImwx0kcPQ==":"blue-usb-flash-silhouette-pen-icon-digital-electronic-signature-concept-vector-logo-template-digital-electronic-117136089-1076x1150.jpg","GD8NbSSuxi2pBIQJTL2pzA==":"blue-usb-flash-silhouette-pen-icon-digital-electronic-signature-concept-vector-logo-template-digital-electronic-117136089-1076x1150.jpeg","6IiUiHjKJjysKbc/JeB9dw==":"ds-728x779.jpeg","gND67lF9sJPjT+Bk9poF/A==":"images-190x266.png","kaE+aKKHVzkTlHMhxjTFpQ==":"emudhra-696x418.jpg","BWFcO52Y+Gv0VPXx/Qp8oQ==":"capricorn-digital-signature-certificate-lass-2-500x239.jpg","Yyq1U7SmiOdUXLlvXrEBqw==":"capricorn-digital-signature-certificate-lass-2-500x239.jpeg","nKUnHiwGaPUTkCNiOzA8lw==":"capricorn-digital-signature-certificate-lass-3-500x239.jpeg","BOSr03OLDqM8xMWl+jZnnw==":"emudhra-696x418.jpeg","p2HblixwBJ3qwpRUinT5jQ==":"images%20(4)-676x454.jpg","FMMGxIbQw2bVz2w/8fKqVg==":"gstn%5B1%5D-310x163.jpg","IwDspJ8lGhInhVrO6TE0oA==":"tax%5B1%5D-500x333.jpg","90nMNTsP46w2sWLjzWf6cw==":"capricon%5B1%5D-500x239.jpg","rSdS5+ZyRGp1wmitYtXt8A==":"emudra%5B1%5D-689x445.png","g81BLYMbA1LyGwQ5fWXmtA==":"1586084905786_images%20(5)-256x256.png","hh6Sn3vzyv5mC/UgC6UGDQ==":"dsc-logo-1-150x150.jpg","GI4Oz8qVkQIiAlb6tsFrOQ==":"tax-consultant-1-500x333.jpg","y/P+cgVNTZsVfMMpWKX5vg==":"images-96x134.png","4nVx8OeXdxhWfyGohaZOGw==":"tax-consultant-122x81.jpg","UAc7kepzJPkrSn4uqTRvmw==":"background4.jpg","DyMsPuPJ3pa6+BaLsH1vCw==":"s-144x65.png","T561x5GAlevHXF2za8xyvw==":"s-442x215.png","Ht7CB/eUM8VEDxu+c2T8dQ==":"s-198x73.png","B/TirdKExPXoz1RewL44Og==":"ds-1-728x779.jpeg","GEqTBO9ezVTjw9BbG6ytrw==":"ds-2-728x779.jpeg","loJX6m0Lr7B9O8vPUfKAjQ==":"saral%20billing-180x120.jpg","Y+P063BFF21oghzaqFG9YQ==":"saral%20income%20tax-164x163.jpg","WJhiHtY+3OKQ3y8p97AGmQ==":"saral%20income%20tax-167x77.jpg","3K+bwVrDGJ2pXm3u8/8g6w==":"saral%20income%20tax-167x96.jpg","JYsdvF5kq2j0MwTptA08ag==":"saral-income-tax-500x500.jpg","pFQrFgbmL3fqQ/yABvEZuQ==":"saral-income-tax-500x361.jpg","1k98cognW+9qPYwutZxW4w==":"saral-income-tax-496x287.jpg","CVsBQO34jvcqNxIw/RPoJQ==":"saral-income-tax-497x299.jpg","74/QujPa/tQe8QoBoukliw==":"payroll-logo-150x150.jpg","7ZwdN12B/BMh1I57dGLBxA==":"payroll-logo-131x140.jpg","wd8v1vmbYivG5K85sgEidQ==":"p-232x323.png","IR14E+to/J/P6mgXJH5/hw==":"p-143x200.png","Z2+YiUO1vLY7s04S2H/87A==":"p-1-143x200.png","/XGpj8z00wRAsmId1G/4tg==":"p-124x134.png","prKHjAvUfLSdl6tH2YWkbg==":"p-1-124x134.png","fZzJgaPFb3l3uzYYivMnxA==":"p-2-124x134.png","NEFCzEGov+OjyqNhllvZkA==":"payroll-logo-266x161.jpg","LVgYdAOXn1zWr6WCMSXqeQ==":"saral%20billing-181x135.jpg","nWZ/bLAyhjX9a+l0QWWw9g==":"saral%20billing-188x122.jpg","L3I6qRFw1cHdiWpinrZCIA==":"saral%20billing-188x122.jpeg","uhn+EfUB/zA6EllOBY1skQ==":"saral%20billing-174x116.jpg","iFI6vlNilYgWKxkgE/xLEg==":"saral%20billing-150x100.jpg","cneKVY+cJjckiZiHJl/76w==":"download-356x228.png","6i2e63uOYxDUx/5iZgH6Ng==":"download-369x249.png","hbShfozRJSywwiDz0o0wzQ==":"download-364x242.png","TW8LuTx6MsSw6CutgOMYcQ==":"saral-income-tax-506x301.jpg","MFLspyHZO0yHJiowlSCQhQ==":"saral-income-tax-506x205.jpg","8T/X9hGv8XzyOneYMaWkZQ==":"saral-income-tax-506x332.jpg","qHEhE+uBbMbKPhsuR5XQDg==":"payroll-logo-506x391.jpg","JA8LGTgzY5CcYKuB9fLUQg==":"professional-payroll-services-can-help-small-businesses.jpeg-300x300.jpg","RVoNZqrqEgWClgRop3+Uww==":"professional-payroll-services-can-help-small-businesses.jpeg-294x194.jpg","9sZtbwlVi9ioysIs4ydODQ==":"gst-station-175-526x326.png","PQGkmCTZzfCep3+jk0k5DQ==":"gst-station-175-573x365.png","kyMk1E72dKvSQpF0PAp5wA==":"gst-station-175-573x412.png","uOdpIYe/f9DH/xviivu+MQ==":"gst-station-175-573x390.png","1B7lS7rJ+IW3/D3nfZheng==":"gst-station-175-573x377.png","wiRc2z2SpKk1uwxCfSfN1g==":"gst-station-175-573x386.png","jWbLRaoHmiuBb7jb0YnxJw==":"gst-station-175-573x381.png","kAHHkotT6UyMYqisnGLr2A==":"tds-696x364.jpg","BtKzwKrFy6AUa7pT9v18UA==":"tds-696x285.png","BNYLXQSLuIaCSEIDE+kVzA==":"tds-696x551.png","xhlm5hBFvCTKH2M2BtG92A==":"img-650x350.jpg","WJt6nrtKq2qkKYu3hBID7A==":"oipceobqw4n-300x160.jpg","d9ssDt4s3zLwi44ImTiAQw==":"oipceobqw4n-300x194.jpg","joXyQ0YEW/XL6wJLAiqc9g==":"oipceobqw4n-387x264.jpg","1wQvzhC2c1Ncmkd/pYPoxw==":"oipceobqw4n-387x254.jpg","4lSIUq/TZrmGFpQvTP4Oiw==":"ds-596x516.jpg","zCB/mU4kXqo9rzuSYiRCjw==":"saral-income-tax-300x197.jpg","ysRezUe1jVtIwSkEd2a4qA==":"saral-income-tax-334x258.jpg","ORJyOxX/ZJNphpK6UP3+HA==":"saral-income-tax-506x390.jpg","zNqMpbomi4++k8Q0FTpxrQ==":"saral-income-tax-506x347.jpg","/DveGkuj8PkrRGaoFjxGHw==":"saral-income-tax-506x334.jpg","HG8o+3WnHhSoVY85j/TU3Q==":"saral-billing_logo-300x174.png","DW4K4iyMU5P4MGu9GiOE3w==":"saral-billing_logo-350x203.png","2mHqGxGzOv9DEnAtkgO37A==":"download-300x199.png","MpSDVaaRcozojzsoSfMPyg==":"images%5B1%5D-616x239.jpg","NOt3//ASJ4i4SY6Yv2GbrQ==":"images_(1)%5B1%5D-532x276.jpg","N3bUe8bc+j5Yt4yRVD1rjw==":"images_(2)%5B1%5D-470x313.jpg","bGJaCunzamf8CLVvQfpMbQ==":"images_(3)%5B1%5D-390x280.jpg","c+I/jqq0XuD6WxIDoOe9eg==":"images_(4)%5B1%5D-275x183.jpg","Ga5O6PXM6VLrRypss3vhsw==":"images%20(9)-500x344.jpg","i3zJP2Aj1mRzU/zdVCTK9g==":"images%20(9)-481x325.jpg","VhQZMp9rP7goeeU1gxAE2A==":"images%20(9)-500x319.jpg","pwHzj84DeMG0Rylp+4t/aQ==":"images%20(9)-500x334.jpg","qagZEl0OwAui5JoV4mxoLQ==":"00901-ms-800x514.jpg","8iwqso8o/y8RWkKoU1upkg==":"coding-2000x1035.jpg","l+L3UHCSC+K/XR5QBbmYOw==":"thmk3xlv9s-474x309.jpg","GGDck8JAFCEN81IJzd3TMw==":"104140461-gettyimages-175205353.720x405-720x405.jpg","ox5bLYtUNTAVlOZnwOHmLw==":"tax-deduction-850x476.jpg","0clSRv7Cl7koQ9SNPkgPcQ==":"thypijez6c-474x284.jpg","6N35D84BEL4jE3p4Keo0pg==":"thypijez6c-506x317.jpg","wSvPvFn/82+WAmy2wiXIug==":"thypijez6c-506x326.jpg","ww0OE8jPsU69ANZwmlk5yA==":"thypijez6c-503x321.jpg","DOE1Nr8y8W5O0iJ8B8KUIw==":"thypijez6c-472x346.jpg","c4Y3X/ZHSy9d+vL/XTaMcQ==":"thypijez6c-472x329.jpg","DlcsCn86z/HWGEdsqYzfGw==":"thypijez6c-472x322.jpg","0PQEQMesSjwB1P/p1oZqmg==":"emudhra-516x310.jpg"}